{
    "vertices": [
        -0.2244761904761905,
        0.27615945089757127,
        0.0,
        0.6874285714285714,
        -0.03007074973600845,
        0.0
    ],
    "indices": [
        0,
        1
    ],
    "counter": 2
}